"policytc_id", "calcrule_id", "allocrule_id","sourcerule_id","levelrule_id","ccy_id""deductible", "limits", "share_prop_of_lim", "deductible_prop_of_loss", "limit_prop_of_loss", "deductible_prop_of_tiv", "limit_prop_of_tiv", "deductible_prop_of_limit"
1, 12, -1, 0, 0, 2, 10000.000000, 0.000000, 0.000000, 0.000000, 0.000000, 0.000000, 0.000000, 0.000000
2, 12, -1, 0, 0, 2, 5000.000000, 0.000000, 0.000000, 0.000000, 0.000000, 0.000000, 0.000000, 0.000000
3, 1, 0, 0, 0, 2, 50000.000000, 2500000.000000, 0.000000, 0.000000, 0.000000, 0.000000, 0.000000, 0.000000
4, 12, -1, 0, 0, 2, 0.000000, 0.000000, 0.000000, 0.000000, 0.000000, 0.000000, 0.000000, 0.000000
