"event_id", "prog_id", "layer_id", "output_id", "sidx", "loss"
26, 1, 1, 1, -1, 0.000000
26, 1, 1, 1, 1, 50000.000000
26, 1, 1, 2, -1, 0.000000
26, 1, 1, 2, 1, 5000.000000
26, 1, 1, 3, -1, 0.000000
26, 1, 1, 3, 1, 0.000000
26, 1, 1, 4, -1, 63.581573
26, 1, 1, 4, 1, 400.000000
