"event_id", "prog_id", "layer_id", "output_id", "sidx", "loss"
26, 1, 1, 1, -1, 2655.940186
26, 1, 1, 1, 1, 111500.000000
26, 1, 1, 2, -1, 0.000000
26, 1, 1, 2, 1, 0.000000
