profile_id,calcrule_id,deductible1,deductible2,deductible3,attachment1,limit1,share1,share2,share3
1, 2, 50000.000000, 0.000000, 0.000000, 3000000.000000, 5000000.000000, 0.050000, 0.000000, 0.000000
