profile_id,calcrule_id,deductible1,deductible2,deductible3,attachment1,limit1,share1,share2,share3
1, 2, 0.000000, 0.000000, 0.000000, 0.000000, 1000000.000000, 0.500000, 0.000000, 0.000000
2, 2, 0.000000, 0.000000, 0.000000, 0.000000, 1000000.000000, 1.000000, 0.000000, 0.000000
3, 2, 0.000000, 0.000000, 0.000000, 0.000000, 100000000.000000, 0.500000, 0.000000, 0.000000
4, 2, 0.000000, 0.000000, 0.000000, 0.000000, 100000000.000000, 1.000000, 0.000000, 0.000000
5, 2, 500000.000000, 0.000000, 0.000000, 0.000000, 5000000.000000, 0.300000, 0.000000, 0.000000
6, 2, 5500000.000000, 0.000000, 0.000000, 0.000000, 10000000.000000, 0.100000, 0.000000, 0.000000
7, 12, 0.000000, 0.000000, 0.000000, 0.000000, 0.000000, 0.000000, 0.000000, 0.000000
8, 12, 1000000.000000, 0.000000, 0.000000, 0.000000, 0.000000, 0.000000, 0.000000, 0.000000
