event_id,output_id,sidx,loss
1,1,-3,3752500.000000
1,1,-1,0.000000
1,1,1,1395455.000000
