event_id,output_id,sidx,loss
1,1,-3,950000.000000
1,1,-1,0.000000
1,1,1,475000.000000
1,2,-3,95000.000000
1,2,-1,0.000000
1,2,1,47500.000000
1,3,-3,47500.000000
1,3,-1,0.000000
1,3,1,2375.000000
1,4,-3,19000.000000
1,4,-1,0.000000
1,4,1,380.000000
1,5,-3,1615000.000000
1,5,-1,0.000000
1,5,1,807500.000000
1,6,-3,28500.000000
1,6,-1,0.000000
1,6,1,14250.000000
1,7,-3,950000.000000
1,7,-1,0.000000
1,7,1,47500.000000
1,8,-3,47500.000000
1,8,-1,0.000000
1,8,1,950.000000
