event_id,output_id,sidx,loss
1,1,-3,506329.125000
1,1,-1,0.000000
1,1,1,465960.906250
1,2,-3,50632.910156
1,2,-1,0.000000
1,2,1,46596.093750
1,3,-3,25316.455078
1,3,-1,0.000000
1,3,1,2329.804688
1,4,-3,10126.582031
1,4,-1,0.000000
1,4,1,372.768738
1,5,-3,860759.500000
1,5,-1,0.000000
1,5,1,792133.562500
1,6,-3,15189.874023
1,6,-1,0.000000
1,6,1,13978.827148
1,7,-3,506329.125000
1,7,-1,0.000000
1,7,1,46596.093750
1,8,-3,25316.455078
1,8,-1,0.000000
1,8,1,931.921814
