event_id,output_id,sidx,loss
1,1,-3,2240000.000000
1,1,-1,0.000000
1,1,1,485000.000000
1,1,2,719000.000000
1,1,3,1070000.000000
