event_id,output_id,sidx,loss
26,1,-3,42735.042969
26,1,-1,0.000000
26,1,1,69742.617188
26,2,-3,4273.504395
26,2,-1,0.000000
26,2,1,6974.261230
26,3,-3,2136.752197
26,3,-1,0.000000
26,3,1,1743.565308
26,4,-3,854.700867
26,4,-1,0.000000
26,4,1,278.970459
26,5,-3,42735.042969
26,5,-1,0.000000
26,5,1,4160.583984
26,6,-3,4273.504395
26,6,-1,0.000000
26,7,-3,2136.752197
26,7,-1,0.000000
26,8,-3,854.700867
26,8,-1,0.000000
