event_id,output_id,sidx,loss
1,1,-3,0.000000
1,1,-1,0.000000
1,1,2,40000.000000
