event_id,output_id,sidx,loss
26,1,-3,869565.187500
26,1,-1,0.000000
26,1,1,99111.109375
26,2,-3,86956.523438
26,2,-1,0.000000
26,2,1,9911.111328
26,3,-3,43478.261719
26,3,-1,0.000000
26,3,1,2477.777832
26,4,-3,18000.000000
26,4,-1,0.000000
