event_id,output_id,sidx,loss
26,1,-3,854700.875000
26,1,-1,0.000000
26,1,1,99114.257812
26,2,-3,85470.085938
26,2,-1,0.000000
26,2,1,9911.426758
26,3,-3,42735.042969
26,3,-1,0.000000
26,3,1,2477.856689
26,4,-3,17094.017578
26,4,-1,0.000000
26,4,1,396.457031
