event_id,output_id,sidx,loss
26,1,-3,632911.375000
26,1,-1,0.000000
26,1,1,85158.804688
26,2,-3,63291.136719
26,2,-1,0.000000
26,2,1,8515.879883
26,3,-3,31645.568359
26,3,-1,0.000000
26,3,1,2128.969971
26,4,-3,12658.227539
26,4,-1,0.000000
26,4,1,340.635193
26,5,-3,1075949.375000
26,5,-1,0.000000
26,5,1,144769.968750
26,6,-3,18987.341797
26,6,-1,0.000000
26,6,1,2554.763916
26,7,-3,632911.375000
26,7,-1,0.000000
26,7,1,42579.402344
26,8,-3,31645.568359
26,8,-1,0.000000
26,8,1,851.588013
