event_id,output_id,sidx,loss
26,1,-3,632992.312500
26,1,-1,0.000000
26,1,1,75069.679688
26,2,-3,60741.687500
26,2,-1,0.000000
26,2,1,4170.537598
26,3,-3,28772.378906
26,3,-1,0.000000
26,4,-3,12787.723633
26,4,-1,0.000000
26,4,1,333.643005
26,5,-3,1080562.625000
26,5,-1,0.000000
26,5,1,133457.203125
26,6,-3,15984.654297
26,6,-1,0.000000
26,7,-3,636189.250000
26,7,-1,0.000000
26,7,1,37534.839844
26,8,-3,31969.308594
26,8,-1,0.000000
26,8,1,834.107544
