event_id,output_id,sidx,loss
26,1,-3,632911.375000
26,1,-1,0.000000
26,1,1,74621.554688
26,2,-3,63291.136719
26,2,-1,0.000000
26,2,1,7462.155273
26,3,-3,31645.568359
26,3,-1,0.000000
26,3,1,1865.538818
26,4,-3,12658.227539
26,4,-1,0.000000
26,4,1,298.486206
26,5,-3,1075949.375000
26,5,-1,0.000000
26,5,1,126856.640625
26,6,-3,18987.341797
26,6,-1,0.000000
26,6,1,2238.646484
26,7,-3,632911.375000
26,7,-1,0.000000
26,7,1,37310.777344
26,8,-3,31645.568359
26,8,-1,0.000000
26,8,1,746.215515
