event_id,output_id,sidx,loss
26,1,-3,41639.273438
26,1,-1,0.000000
26,1,1,62025.976562
26,2,-3,4163.927246
26,2,-1,0.000000
26,2,1,6202.597656
26,3,-3,2081.963623
26,3,-1,0.000000
26,3,1,1550.649414
26,4,-3,832.785461
26,4,-1,0.000000
26,4,1,248.103912
26,5,-3,43830.812500
26,5,-1,0.000000
26,5,1,12872.670898
26,5,2,10000.000000
26,6,-3,4383.081055
26,6,-1,0.000000
26,6,2,1000.000000
26,7,-3,2191.540527
26,7,-1,0.000000
26,7,2,500.000000
26,8,-3,876.616211
26,8,-1,0.000000
26,8,2,200.000000
