event_id,output_id,sidx,loss
26,1,-3,41991.824219
26,1,-1,0.000000
26,1,1,64570.414062
26,2,-3,4199.182617
26,2,-1,0.000000
26,2,1,6457.041504
26,3,-3,2099.591309
26,3,-1,0.000000
26,3,1,1614.260376
26,4,-3,839.836548
26,4,-1,0.000000
26,4,1,258.281647
26,5,-3,43478.261719
26,5,-1,0.000000
26,5,1,10000.000000
26,5,2,10000.000000
26,6,-3,4347.826172
26,6,-1,0.000000
26,6,2,1000.000000
26,7,-3,2173.913086
26,7,-1,0.000000
26,7,2,500.000000
26,8,-3,869.565247
26,8,-1,0.000000
26,8,2,200.000000
