"coverage_id", "tiv"
1, 10000000.000000
2, 1000000.000000
3, 500000.000000
4, 200000.000000
