"profile_id","calcrule_id","deductible_1","deductible_2","deductible_3","attachment_1","limit_1","share_1","share_2","share_3"
1, 12, 58500.000000, 0.000000, 0.000000, 0.000000, 0.000000, 0.000000, 0.000000, 0.000000
2, 11, 0.000000, 70000.000000, 0.000000, 0.000000, 0.000000, 0.000000, 0.000000, 0.000000
3, 14, 0.000000, 0.000000, 0.000000, 0.000000, 100000.000000, 0.000000, 0.000000, 0.000000
