profile_id,calcrule_id,deductible1,deductible2,deductible3,attachment1,limit1,share1,share2,share3
1, 12, 58500.000000, 0.000000, 0.000000, 0.000000, 0.000000, 0.000000, 0.000000, 0.000000
2, 10, 0.000000, 40000.000000, 40000.000000, 0.000000, 0.000000, 0.000000, 0.000000, 0.000000
3, 14, 0.000000, 0.000000, 0.000000, 0.000000, 50000.000000, 0.000000, 0.000000, 0.000000
4, 2, 50000.000000, 0.000000, 0.000000, 0.000000, 50000.000000, 1.000000, 0.000000, 0.000000
5, 12, 0.000000, 0.000000, 0.000000, 0.000000, 0.000000, 0.000000, 0.000000, 0.000000
