profile_id,calcrule_id,deductible1,deductible2,deductible3,attachment1,limit1,share1,share2,share3
1, 9, 0.050000, 0.000000, 0.000000, 0.000000, 2000000.000000, 0.000000, 0.000000, 0.000000
