summary_id,return_period,loss
1,10000.000000,80884.773438
1,7500.000000,73464.382812
1,5000.000000,62997.363281
1,1000.000000,32017.539062
1,500.000000,20623.570312
1,250.000000,10821.808594
1,200.000000,7945.742188
1,100.000000,0.000000
1,50.000000,0.000000
1,25.000000,0.000000
1,20.000000,0.000000
1,10.000000,0.000000
1,5.000000,0.000000
1,2.000000,0.000000
