profile_id,calcrule_id,deductible1,deductible2,deductible3,attachment1,limit1,share1,share2,share3
1, 12, 0.000000, 0.000000, 0.000000, 0.000000, 0.000000, 0.000000, 0.000000, 0.000000
2, 12, 1170000.000000, 0.000000, 0.000000, 0.000000, 0.000000, 0.000000, 0.000000, 0.000000
3, 12, 585000.000000, 0.000000, 0.000000, 0.000000, 0.000000, 0.000000, 0.000000, 0.000000
4, 10, 0.000000, 0.000000, 1000000.000000, 0.000000, 0.000000, 0.000000, 0.000000, 0.000000
5, 2, 0.000000, 0.000000, 0.000000, 0.000000, 10000000000.000000, 1.000000, 0.000000, 0.000000
