"profile_id","calcrule_id","deductible_1","deductible_2","deductible_3","attachment_1","limit_1","share_1","share_2","share_3"
1, 14, 0.000000, 0.000000, 0.000000, 0.000000, 0.000000, 0.000000, 0.000000, 0.000000
2, 25, 0.000000, 0.000000, 0.000000, 0.000000, 0.000000, 0.200000, 0.000000, 0.000000
3, 25, 0.000000, 0.000000, 0.000000, 0.000000, 0.000000, 0.400000, 0.000000, 0.000000
4, 25, 0.000000, 0.000000, 0.000000, 0.000000, 0.000000, 0.300000, 0.000000, 0.000000
5, 25, 0.000000, 0.000000, 0.000000, 0.000000, 0.000000, 0.250000, 0.000000, 0.000000
6, 25, 0.000000, 0.000000, 0.000000, 0.000000, 0.000000, 0.375000, 0.000000, 0.000000
7, 25, 0.000000, 0.000000, 0.000000, 0.000000, 0.000000, 0.600000, 0.000000, 0.000000
8, 25, 0.000000, 0.000000, 0.000000, 0.000000, 0.000000, 0.500000, 0.000000, 0.000000
9, 23, 0.000000, 0.000000, 0.000000, 0.000000, 60000000.000000, 0.000000, 1.000000, 1.000000
