coverage_id,tiv
1, 150000000.000000
2, 50000000.000000
