profile_id,calcrule_id,deductible1,deductible2,deductible3,attachment1,limit1,share1,share2,share3
1, 6, 0.050000, 0.000000, 0.000000, 0.000000, 0.000000, 0.000000, 0.000000, 0.000000
2, 22, 0.000000, 0.000000, 0.000000, 0.000000, 50000000.000000, 0.600000, 0.900000, 1.000000
3, 25, 0.000000, 0.000000, 0.000000, 0.000000, 0.000000, 1.000000, 1.000000, 0.250000
4, 25, 0.000000, 0.000000, 0.000000, 0.000000, 0.000000, 1.000000, 1.000000, 0.750000
