"profile_id","calcrule_id","deductible_1","deductible_2","deductible_3","attachment_1","limit_1","share_1","share_2","share_3"
1, 12, 50000.000000, 0.000000, 0.000000, 0.000000, 0.000000, 0.000000, 0.000000, 0.000000
2, 2, 3000000.000000, 0.000000, 0.000000, 0.000000, 5000000.000000, 0.050000, 0.000000, 0.000000
