summary_id,type,mean,standard_deviation,exposure_value
1,1,1000.211274,9050.124155,4803596.500000
1,2,1014.235638,9161.715811,4803596.500000
