profile_id,calcrule_id,deductible1,deductible2,deductible3,attachment1,limit1,share1,share2,share3
1, 12, 58500.000000, 0.000000, 0.000000, 0.000000, 0.000000, 0.000000, 0.000000, 0.000000
2, 11, 0.000000, 70000.000000, 0.000000, 0.000000, 0.000000, 0.000000, 0.000000, 0.000000
3, 14, 0.000000, 0.000000, 0.000000, 0.000000, 100000.000000, 0.000000, 0.000000, 0.000000
4, 12, 0.000000, 0.000000, 0.000000, 0.000000, 0.000000, 0.000000, 0.000000, 0.000000
