"coverage_id", "tiv"
1, 1000000.000000
2, 100000.000000
3, 50000.000000
4, 20000.000000
