"profile_id","calcrule_id","deductible_1","deductible_2","deductible_3","attachment_1","limit_1","share_1","share_2","share_3"
1, 1, 50000.000000, 0.000000, 0.000000, 0.000000, 900000.000000, 0.000000, 0.000000, 0.000000
2, 1, 5000.000000, 0.000000, 0.000000, 0.000000, 90000.000000, 0.000000, 0.000000, 0.000000
3, 1, 2500.000000, 0.000000, 0.000000, 0.000000, 45000.000000, 0.000000, 0.000000, 0.000000
4, 1, 0.000000, 0.000000, 0.000000, 0.000000, 18000.000000, 0.000000, 0.000000, 0.000000
