summary_id,return_period,loss
1,10000.000000,80884.773438
1,7500.000000,73714.609375
1,5000.000000,63157.226562
1,1000.000000,32316.320312
1,500.000000,20695.304688
1,250.000000,10864.715820
1,200.000000,7950.101562
1,100.000000,0.000000
1,50.000000,0.000000
1,25.000000,0.000000
1,20.000000,0.000000
1,10.000000,0.000000
1,5.000000,0.000000
1,2.000000,0.000000
