summary_id,type,mean,standard_deviation,exposure_value
1,1,42.792676,724.451887,1857568.750000
1,2,132.190652,1431.905362,1857568.750000
