summary_id,type,mean,standard_deviation,exposure_value
1,1,12.148463,235.541771,695932.062500
2,1,30.598111,491.828869,1161636.750000
1,2,43.695685,492.417533,695932.062500
2,2,88.460413,940.045122,1161636.750000
