summary_id,type,mean,standard_deviation,exposure_value
1,1,12.148463,235.541771,695932.062500
2,1,30.598111,491.828869,1161636.750000
1,2,43.707986,492.472671,695932.062500
2,2,88.482665,940.156447,1161636.750000
