summary_id, type, mean, standard_deviation, exposure_value
1,1, 42.792676, 724.451887, 1857568.750000 
1,2, 132.156099, 1431.738595, 1857568.750000 
