summary_id, type, mean, standard_deviation, exposure_value
1,1, 12.148459, 235.541647, 695932.062500 
2,1, 30.598104, 491.828683, 1161636.750000 
1,2, 43.695742, 492.417635, 695932.062500 
2,2, 88.460507, 940.045292, 1161636.750000 
