summary_id,return_period,loss
1,10000.000000,328635.406250
1,7500.000000,307523.750000
1,5000.000000,270029.968750
1,1000.000000,170796.296875
1,500.000000,126709.734375
1,250.000000,85598.507812
1,200.000000,73708.343750
1,100.000000,34290.906250
1,50.000000,0.000000
1,25.000000,0.000000
1,20.000000,0.000000
1,10.000000,0.000000
1,5.000000,0.000000
1,2.000000,0.000000
