summary_id,return_period,loss
1,10000.000000,321853.406250
1,7500.000000,295357.187500
1,5000.000000,265661.093750
1,1000.000000,166781.343750
1,500.000000,124538.000000
1,250.000000,84743.726562
1,200.000000,73142.929688
1,100.000000,34042.671875
1,50.000000,0.000000
1,25.000000,0.000000
1,20.000000,0.000000
1,10.000000,0.000000
1,5.000000,0.000000
1,2.000000,0.000000
