summary_id,type,mean,standard_deviation,exposure_value
1,1,1009.833956,9100.080008,4803596.500000
1,2,1014.087539,9160.532657,4803596.500000
