coverage_id,tiv
1, 1000000.000000
2, 100000.000000
3, 50000.000000
4, 20000.000000
5, 500000.000000
6, 50000.000000
7, 25000.000000
8, 10000.000000
