event_id,output_id,sidx,loss
1,1,-3,900000.000000
1,1,-1,0.000000
1,1,1,100000.000000
