event_id,output_id,sidx,loss
1,1,-3,300000.000000
1,1,-1,0.000000
1,1,1,150000.015625
1,2,-3,30000.000000
1,2,-1,0.000000
1,2,1,15000.000977
1,3,-3,15000.000000
1,3,-1,0.000000
1,3,1,750.000061
1,4,-3,6000.000000
1,4,-1,0.000000
1,4,1,120.000008
1,5,-3,510000.000000
1,5,-1,0.000000
1,5,1,255000.015625
1,6,-3,9000.000000
1,6,-1,0.000000
1,6,1,4500.000488
1,7,-3,300000.000000
1,7,-1,0.000000
1,7,1,15000.000977
1,8,-3,15000.000000
1,8,-1,0.000000
1,8,1,300.000031
