"event_id", "output_id", "sidx", "loss"
1, 1, -3, 987500.000000
1, 1, -1, 0.000000
1, 1, 1, 367225.000000
