event_id,output_id,sidx,loss
1,1,-3,855000.062500
1,1,-1,0.000000
1,1,1,855000.062500
1,2,-3,645000.000000
1,2,-1,0.000000
1,2,1,645000.000000
1,3,-3,1800000.000000
1,3,-1,0.000000
1,3,1,1800000.000000
1,4,-3,1100000.000000
1,4,-1,0.000000
1,4,1,1100000.000000
1,5,-3,4400000.000000
1,5,-1,0.000000
1,5,1,4400000.000000
1,6,-3,5000000.000000
1,6,-1,0.000000
1,6,1,4004756.750000
1,7,-3,2843512.000000
1,7,-1,0.000000
1,7,1,0.000000
