event_id,output_id,sidx,loss
1,1,-3,213675.218750
1,1,-1,0.000000
1,1,1,150709.734375
1,2,-3,21367.521484
1,2,-1,0.000000
1,2,1,2511.829102
1,3,-3,10683.760742
1,3,-1,0.000000
1,3,1,627.957275
1,4,-3,4273.504395
1,4,-1,0.000000
1,4,1,100.473160
