"event_id", "output_id", "sidx", "loss"
1, 1, -3, 1185000.000000
1, 1, -1, 0.000000
1, 1, 1, 440670.031250
