event_id,output_id,sidx,loss
1,1,-3,2000000.000000
1,1,-1,0.000000
1,1,1,1368900.000000
