event_id,output_id,sidx,loss
26,1,-3,632911.375000
26,1,-1,0.000000
26,1,1,74621.546875
26,2,-3,63291.140625
26,2,-1,0.000000
26,2,1,7462.154785
26,3,-3,31645.570312
26,3,-1,0.000000
26,3,1,1865.538696
26,4,-3,12658.227539
26,4,-1,0.000000
26,4,1,298.486176
26,5,-3,1075949.375000
26,5,-1,0.000000
26,5,1,126856.632812
26,6,-3,18987.341797
26,6,-1,0.000000
26,6,1,2238.646484
26,7,-3,632911.375000
26,7,-1,0.000000
26,7,1,37310.773438
26,8,-3,31645.570312
26,8,-1,0.000000
26,8,1,746.215515
