event_id,output_id,sidx,loss
1,1,-3,2190000.000000
1,1,-1,0.000000
1,1,1,485000.000000
1,1,2,696150.000000
1,1,3,1020000.000000
