event_id,output_id,sidx,loss
26,1,-3,742059.937500
26,1,-1,0.000000
26,1,1,85158.796875
26,2,-3,74205.992188
26,2,-1,0.000000
26,2,1,8515.879883
26,3,-3,18551.498047
26,3,-1,0.000000
26,3,1,2128.969971
26,4,-3,2968.239746
26,4,-1,0.000000
26,4,1,340.635193
26,5,-3,1261501.875000
26,5,-1,0.000000
26,5,1,144769.953125
26,6,-3,22261.798828
26,6,-1,0.000000
26,6,1,2554.764160
26,7,-3,371029.968750
26,7,-1,0.000000
26,7,1,42579.398438
26,8,-3,7420.599609
26,8,-1,0.000000
26,8,1,851.588013
