event_id,output_id,sidx,loss
1,1,-3,957264.937500
1,1,-1,0.000000
1,1,1,207264.953125
1,1,2,307264.968750
1,1,3,457264.968750
