event_id,output_id,sidx,loss
26,1,-3,2190000.000000
26,1,-1,0.000000
26,1,1,22900.000000
