event_id,output_id,sidx,loss
1,1,-3,142500000.000000
1,1,-1,7500000.000000
1,2,-3,47500000.000000
1,2,-1,2500000.000000
