event_id,output_id,sidx,loss
26,1,-3,900000.000000
26,1,-1,0.000000
26,1,1,50000.000000
26,2,-3,90000.000000
26,2,-1,0.000000
26,2,1,5000.000000
26,3,-3,45000.000000
26,3,-1,0.000000
26,4,-3,18000.000000
26,4,-1,0.000000
26,4,1,400.000000
