event_id,output_id,sidx,loss
26,1,-3,1000000.000000
26,1,-1,0.000000
26,1,1,111900.000000
