event_id,output_id,sidx,loss
1,1,-3,35000
1,1,-1,20000
1,1,2,10000
1,1,3,10000
1,2,-3,35000
1,2,-1,13333.33
1,2,1,1666.666667
1,2,2,1666.666667
1,2,3,13333.33
1,2,4,35000
1,3,-3,35000
1,3,-1,13333.33
1,3,1,3333.333333
1,3,2,3333.333333
1,3,3,13333.33
1,3,4,11500
1,4,-3,35000
1,4,-1,13333.33
1,4,1,5000
1,4,2,5000
1,4,3,13333.33
1,4,4,11500
