"event_id", "output_id", "sidx", "loss"
26, 1, -3, 2500000.000000
26, 1, -1, 0.000000
26, 1, 1, 251400.000000
