event_id,output_id,sidx,loss
26,1,-3,100000.000000
26,1,-1,0.000000
26,1,1,52900.000000
26,1,2,95900.000000
