event_id,output_id,sidx,loss
26,1,-3,42735.042969
26,1,-1,0.000000
26,1,1,46855.625000
26,1,2,48184.234375
26,2,-3,4273.504395
26,2,-1,0.000000
26,2,1,4685.562988
26,2,2,4818.423828
26,3,-3,2136.752197
26,3,-1,0.000000
26,3,1,1171.390747
26,3,2,1204.605957
26,4,-3,854.700867
26,4,-1,0.000000
26,4,1,187.422501
26,4,2,192.736938
26,5,-3,42735.042969
26,5,-1,0.000000
26,5,2,41500.000000
26,6,-3,4273.504395
26,6,-1,0.000000
26,7,-3,2136.752197
26,7,-1,0.000000
26,8,-3,854.700867
26,8,-1,0.000000
