"coverage_id", "tiv"
1, 1000.000000
2, 500.000000
3, 500.000000
4, 1000.000000
5, 500.000000
6, 500.000000
7, 1000.000000
8, 500.000000
9, 500.000000
10, 1000.000000
11, 500.000000
12, 500.000000
