"policytc_id","calcrule_id","allocrule_id","ccy_id","deductible","limits","share_prop_of_lim","deductible_prop_of_loss","limit_prop_of_loss","deductible_prop_of_tiv","limit_prop_of_tiv","deductible_prop_of_limit"
1, 1, 1, -1, 0.000000, 10000.000000, 0.000000, 0.000000, 0.000000, 0.000000, 0.000000, 0.000000
2, 1, 1, -1, 0.000000, 100.000000, 0.000000, 0.000000, 0.000000, 0.000000, 0.000000, 0.000000
3, 1, 1, -1, 0.000000, 100.000000, 0.000000, 0.000000, 0.000000, 0.000000, 0.000000, 0.000000
4, 1, 1, -1, 0.000000, 10000.000000, 0.000000, 0.000000, 0.000000, 0.000000, 0.000000, 0.000000
5, 1, 1, -1, 0.000000, 100.000000, 0.000000, 0.000000, 0.000000, 0.000000, 0.000000, 0.000000
6, 1, 1, -1, 0.000000, 100.000000, 0.000000, 0.000000, 0.000000, 0.000000, 0.000000, 0.000000
