"profile_id","calcrule_id","deductible_1","deductible_2","deductible_3","attachment_1","limit_1","share_1","share_2","share_3"
1, 1, 0.000000, 0.000000, 0.000000, 0.000000, 10000.000000, 0.000000, 0.000000, 0.000000
2, 1, 0.000000, 0.000000, 0.000000, 0.000000, 100.000000, 0.000000, 0.000000, 0.000000
3, 1, 0.000000, 0.000000, 0.000000, 0.000000, 100.000000, 0.000000, 0.000000, 0.000000
4, 1, 0.000000, 0.000000, 0.000000, 0.000000, 10000.000000, 0.000000, 0.000000, 0.000000
5, 1, 0.000000, 0.000000, 0.000000, 0.000000, 100.000000, 0.000000, 0.000000, 0.000000
6, 1, 0.000000, 0.000000, 0.000000, 0.000000, 100.000000, 0.000000, 0.000000, 0.000000
