coverage_id,tiv
1, 1000000.000000
2, 2000000.000000
3, 3000000.000000
