profile_id,calcrule_id,deductible1,deductible2,deductible3,attachment1,limit1,share1,share2,share3
1, 1, 1000.000000, 0.000000, 0.000000, 0.000000, 200000.000000, 0.000000, 0.000000, 0.000000
2, 8, 0.000000, 5000.000000, 0.000000, 0.000000, 1000000.000000, 0.000000, 0.000000, 0.000000
