coverage_id,tiv
1, 10000000.000000
2, 15000000.000000
3, 20000000.000000
4, 25000000.000000
